{
  "selected": "XGB_tuned",
  "cv_results_summary": {
    "LR": {
      "recall": 0.702340146003193,
      "f1": 0.429370336852811,
      "roc_auc": 0.8043850740511191
    },
    "RF": {
      "recall": 0.1828425042350676,
      "f1": 0.28545133371301457,
      "roc_auc": 0.8294730646056465
    },
    "XGB": {
      "recall": 0.6884194362180542,
      "f1": 0.4611473625046362,
      "roc_auc": 0.8293126289646944
    },
    "LGB": {
      "recall": 0.7350180005606133,
      "f1": 0.45796705878954425,
      "roc_auc": 0.8376780854668062
    }
  }
}